service	proTxHash	status	icmp
149.102.158.28:7777	67e38c78477a6488adfe0f04be0b1501a06660a61b270d0d76dfc103236d5372	UP	n/a
152.67.67.100:7777	cdb7ab0886214437daff63484fff52ffcb05d60d347c29d050144290ffa53a38	DOWN	no_icmp
152.67.67.101:7777	f3797b169c110ba287623409d37a14b097a003c7434fee7395c49f61000ae6a2	DOWN	no_icmp
152.67.67.102:7777	cda17b35ae62bfd1cf33e79106307eeec61a8c850f2bcbd0e433d71e3d7a8a20	DOWN	host_alive
152.67.67.103:7777	b9d2511be2aeba2a0acce12a5196aecea14077c691429d40f455a073a608be25	DOWN	host_alive
152.67.67.104:7777	a2ffb74e3732e74c6bbf2ef4bf0b34bdd19feb165d53e16c690bd9aff2035ae3	DOWN	no_icmp
152.67.67.105:7777	79ddc709e0d0cd85cede1014b1f5e548b8669c52a9c922dbecbc88db9eb17259	DOWN	no_icmp
152.67.67.106:7777	67b07c88a86b07ed78ca447a4e3ddded77fed004d4e158684fa761013aa39a14	DOWN	no_icmp
152.67.67.107:7777	5ec6b4798676365d935f3f92cb92842db21c1910282b2102f50ee513a876f594	DOWN	no_icmp
152.67.67.108:7777	1c22ef9e4f32b58b334a9bf581dfc50acd2aeb14a1116f2f35383668211cc576	DOWN	no_icmp
152.67.67.109:7777	a27dca22482ead16e5950340059246c78aeb79f993e82700a7d6a81ab0853fc8	DOWN	no_icmp
152.67.67.110:7777	4e38fbcf8c11794949ecbb599d08c7ccff806f4e6701a39ad1ad5373672ed474	DOWN	no_icmp
152.67.67.111:7777	d3dc4d6948af3147becc8802375a32977c1917ae3adad46df246cc4af446c755	DOWN	no_icmp
152.67.67.112:7777	b9823992c9b2f65f52e8ec04c36e81fc6fe3e6f247be871cefc908c6694029bb	DOWN	no_icmp
152.67.67.113:7777	6483e7b3692bf82c3b086a9a7785184c5b0d06fe845674631daa09881812e72c	DOWN	no_icmp
152.67.67.114:7777	5edf86c78a4df750becdab969409a49818be121696da6422f585e3f17a2a7102	DOWN	host_alive
152.67.67.115:7777	46c01d18e03e8e3e4818915b88c371c5f0805df213e147a8ef89b7de94f1461f	DOWN	no_icmp
152.67.67.116:7777	aadcf99e1e4815cab11222f113b90882d9a8a1bb631f9cf346e86edb7fb2de70	DOWN	no_icmp
152.67.67.117:7777	8de81dc993d88076ed6cd59ee1ee071df074c24b0c4f94c95bf096c2d4584794	DOWN	no_icmp
152.67.67.118:7777	1596a3325f4dc9c559bdebc53be646a04f7900fa9ab78eafec137d1cb8339b6a	DOWN	no_icmp
152.67.67.119:7777	55e4f3f1655ee5cea93702872a1e03e172d3d1c1d4c6a2735cc95581b72c9148	DOWN	no_icmp
152.67.67.120:7777	21868deaf4471846d69c15cbcc2fc1a3c9df9621b9ee6c50b010fb8160b36392	DOWN	no_icmp
152.67.67.121:7777	6c298a3a95c048ed83a3166d74a6385b4aca670741355e4fc94967493cb2db3a	DOWN	host_alive
152.67.67.122:7777	c1bb75a0ba628f014b9194bb0cc85faeda77d92ec95e67cb36fbc53c60ae7ad4	DOWN	no_icmp
152.67.67.123:7777	c6a5aa02af72dbd231e29e35550adfa58acd34e935e45caf10ae0e3adb8dcdd8	DOWN	no_icmp
152.67.67.124:7777	e0cabb076b151f94cfa12a4ad1c2831b8005f180698d3e058d5c22e05f218feb	DOWN	no_icmp
152.67.67.125:7777	bf9600e1cd82df3e85ccea145748993bd0d6317cdfd1fffa1a97d58c45f28f05	DOWN	no_icmp
152.67.67.126:7777	714c1b3f0a94055a124a14a004c478f66a4b7bfd3dc0fe4c96385e3ad83109c7	DOWN	no_icmp
152.67.67.127:7777	283ed60c7c0ade3cc030145233696a64779bb960460d53982313e522e5c2764b	DOWN	no_icmp
152.67.67.128:7777	ebc0e21f07d7e3d5d36f97a2034b155066383d01470a3f118f507b3bd920b7f0	DOWN	no_icmp
152.67.67.129:7777	9a982c2c267ba5c0d0a18cdf0b2a86861a19e4ae3733ed55c40f6ee8057299ce	DOWN	no_icmp
152.67.67.130:7777	ad8815e2415396a3c1b874a14601e18007e0ca3a9a76524f757afe50ff21f46c	DOWN	no_icmp
152.67.67.131:7777	be572b5036f319e9692f6409f9a29a3c523eb3d88626b475538654c9f04e133b	DOWN	no_icmp
152.67.67.132:7777	a1ade949b96e80f590047e2e7fdab38eafa7e55dfde268cdf303ee1ffdad4b14	DOWN	no_icmp
152.67.67.133:7777	2977974646f5e6d2bab440f7e98e16246365551526c4e72cbd3b1410abb8a0c5	DOWN	no_icmp
152.67.67.134:7777	566e093810e724125b79e89abef2b0e905b773fa79285922127549e2da79cc43	DOWN	no_icmp
152.67.67.135:7777	a6e49d7d37dad419d3a69898f8d718ac44a0f4cf261f89ecc521b5fd02c48160	DOWN	no_icmp
152.67.67.136:7777	6112fbdbc9a9e30fa19cd821eb66ae4bbca3ab9f9311adb51447ae82f251d064	DOWN	no_icmp
152.67.67.137:7777	88fc5813a1e6ad1b58d02a07d21dd1c82db073e76d3d9a1b0878fa345b09055a	DOWN	host_alive
152.67.67.138:7777	7c8ddf8bc4ceb29bd8ac2f288ba6f56337d2fa1c7727bc38a4d7a897cf59b83b	DOWN	no_icmp
152.67.67.139:7777	a37a653374b78966bd8b77840f5e7e589307832eb03628d51803e379925b0bc2	DOWN	no_icmp
152.67.67.140:7777	bc999c7922e7dd1d858ae8a551dc9d7d9fc781673287f5ca496989910eef7486	DOWN	host_alive
152.67.67.141:7777	37aa389e5d138d0216d03dc7c9ad9872153faf2ef12a01d0054676f03ad199e8	DOWN	no_icmp
152.67.67.142:7777	4b12ea231a06e955cca8c12a547e383f7aff89e21ea67dd77f2ee4967c12b38e	DOWN	no_icmp
152.67.67.143:7777	5a85d5cc6b8d09344c877db6dc030317537eb4ad5e11847867389889f42a0508	DOWN	host_alive
152.67.67.144:7777	f89cd104ec13e660eea5fb4622fd77956e518566c0bc7a64c69b44303d40af6c	DOWN	no_icmp
152.67.67.145:7777	5fe1dfbea0e0737ddd0e35a805d7f76973c2eaa9c43cda019b3ef77dce1643aa	DOWN	no_icmp
152.67.67.146:7777	b89f03a42347d35c5eccfd2819c6d055a19337d84aff843a75404caf38119451	DOWN	no_icmp
152.67.67.147:7777	e22105636fb73ae7712b9111511f272f56e60f6488f8d21ce147225345ff3113	DOWN	host_alive
152.67.67.148:7777	0e0794b095b2554788c02ceb101e0c80ac1f0945e40468a12e7f2b1eec178af6	DOWN	no_icmp
152.67.67.149:7777	d8ed6e3b07770eba01476afd6705fd2804dbf470602d1ea489392dfea68fa9bf	DOWN	no_icmp
152.67.67.14:7777	7f54dff531d07b4f39424f7a2748343440b938db821cea4c77b0008ff090d65e	DOWN	no_icmp
152.67.67.150:7777	a892e979284408fbb37b3f7dfe138d4e5a69c29e4c564a009229d0fe74f4fee4	DOWN	no_icmp
152.67.67.151:7777	c9d9d81430cc5b68b317a12a23a68a0736880629ab1753925c34077196782c41	DOWN	host_alive
152.67.67.152:7777	42f1e8736de5ae8aee850666f6c0e6016bb36ddc0b1bf4fb3f1694eeb3b7beca	DOWN	no_icmp
152.67.67.153:7777	0abb6eb0ea9ea17615732eefdbf8ee6dfbc51382f2ddd0d90b33ef75aa3acc85	DOWN	no_icmp
152.67.67.154:7777	ca3818702a941ce38fec3ce4619e6ad37061c0a85bb5b36fc996840ef5177dc0	DOWN	host_alive
152.67.67.155:7777	09c8ffef40cd7eeb512d6bfaf67c9efd4544ef0a479e4f74df4de788f9f477c3	DOWN	no_icmp
152.67.67.156:7777	c7ed3862a547c16e4f7fddb7d637770ed42e2cc81a2df3e633eafcd3d3f1fd7e	DOWN	no_icmp
152.67.67.157:7777	3d8450fefc73ae41d3d47e064482f2b5f6bb48c22e3e0bb8c553aba2294e17fc	DOWN	no_icmp
152.67.67.158:7777	683bdf2e9521d1586c1d5743146753893c0d7bdb4b3aab20169fb4ed8b772486	DOWN	no_icmp
152.67.67.159:7777	af98df02605d2ab464041dadb12e685eada4e18ec7adb3628f4e0f4fd0700a00	DOWN	no_icmp
152.67.67.15:7777	dd3a20564dbe3bd115bb25f6756292b068c444e6950c6211e01c9771187df616	DOWN	no_icmp
152.67.67.160:7777	46ce83d39db97d42efcc655db864dee892605507b94d231e9dbdf8c36e96a77e	DOWN	host_alive
152.67.67.161:7777	6c3d8246e1cfbff1ddb057a3ee8ac2deca053ab5120572f2293a31112e611717	DOWN	no_icmp
152.67.67.162:7777	cab1832e5f5e698b0b24497177ac738d6f9391fc330277bc0a8054c6c1edba04	DOWN	no_icmp
152.67.67.163:7777	65b66e6361c585660f0483db438d94609ee582db2e990efd0532f5625554a3c0	DOWN	no_icmp
152.67.67.164:7777	e4c8ac229cae2e9c69b68ba088a3b1cdd213926f2b0077435e96693f7377d918	DOWN	no_icmp
152.67.67.165:7777	447b002ffb0fa3d02ab919a2aca6ad6a4bdff889355aa0044b486ed2b5d03764	DOWN	host_alive
152.67.67.166:7777	fb20d4cbca870aca83d14bb81a8516e1ba1bccee42a6550607b568cbdd6d1c44	DOWN	no_icmp
152.67.67.167:7777	7b4c8b0515381d370c056d1ac843f0fd1b412dc50aeb2fbb24409e3e0dd521d0	DOWN	host_alive
152.67.67.168:7777	c1b00b1475df607beee8ad47c11e3830474ca17c054360fe975ed8436707449f	DOWN	host_alive
152.67.67.169:7777	920ee901953f3e67aacae1c13092ee5c4b8ed50cd2d80da2513415beab0eefcc	DOWN	no_icmp
152.67.67.16:7777	e2cbbeef85b289f8cb8a46781355436aff13a68371f181418297b7bce641026b	DOWN	no_icmp
152.67.67.170:7777	eb4e559f18433cb1d91c1b12e81353bf1b5f6a1c63761c5eb5873236f171f7f4	DOWN	no_icmp
152.67.67.171:7777	3e8032e3c4ad869d3d440fbde59a07780f6aaf6b314f0463731951765bcdae51	DOWN	no_icmp
152.67.67.172:7777	87bd3a769a17e244c35dec7e2769b415e22efed37c557fb88e2ebe5f0d833e6e	DOWN	no_icmp
152.67.67.173:7777	cdfb093aa18c485ec47a3991f0445bdb11b6379d4e1f6c277e15c2bd463feedc	DOWN	no_icmp
152.67.67.174:7777	67aa1907f63c5b42b110cbbbbd8c5f1c0061556ec48a5ef42525c4615f997304	DOWN	no_icmp
152.67.67.175:7777	1fc335cd6782c59447d0622bb80a525faaa504a78107695cf0fc8f405ae82d33	DOWN	no_icmp
152.67.67.176:7777	d38ab7b48096ebdc641520206317ba23d959822b7bf2dcc4abe2d956f0d6043f	DOWN	no_icmp
152.67.67.177:7777	c489037acfcf880fecd3825d64a61abc5fb94c087feb9c0f86b5c31eeef14a1b	DOWN	no_icmp
152.67.67.178:7777	3ee6e402e1f97be37c31c8af055c93d311c187e9dc66d554445b235c10667305	DOWN	no_icmp
152.67.67.179:7777	0af57dcc2a575beb4b3142b81a536c33c8f8da0efed2f4295323c6efb2e55286	DOWN	no_icmp
152.67.67.17:7777	afcbced01c173f530045f2cf102b9745a94f536f1615174753caf5d506315a50	DOWN	no_icmp
152.67.67.180:7777	70d7a948a174ae5866cc103063daea56bf85213cdcc0bec70131fe34c2bc5c70	DOWN	host_alive
152.67.67.181:7777	b6f1295995465ec5317f70989ff4237bf2107341967683f721001aab4839ace9	DOWN	no_icmp
152.67.67.182:7777	2de10e69efa02271f04492f02c821453292317a68fb6f8ea398ea818f80cedd6	DOWN	no_icmp
152.67.67.183:7777	a378ef7464af6740172e00a0529579895348e0a329656f1aa1b7cb81d43666fc	DOWN	no_icmp
152.67.67.184:7777	8e6ece95709ac3ac80f0436213a7e2ee39cc652b6c886702714506ec95cd3255	DOWN	host_alive
152.67.67.185:7777	e751f9c3430d1daac7b774ac5bd2133281d836ec5898fc6f3abc1d55a7b024c5	DOWN	no_icmp
152.67.67.186:7777	52132e75e78b6ef956a775bdf1237181385fbc8d79cf03d8bbc97579746d6b8a	DOWN	no_icmp
152.67.67.187:7777	a59483f4dfce041467c90056d91c897267c928044d7fdda43f08cae6f600b160	DOWN	no_icmp
152.67.67.188:7777	e816b313883bb506042ebaa6e00f64442c063aed1f6661d17dc452cd6cce16a2	DOWN	no_icmp
152.67.67.189:7777	26cb8e492e1db0abc4bcdbbcdee78896dd87918216c6feb2a789a81e47dedc5e	DOWN	host_alive
152.67.67.18:7777	90bd38c3c531982d35dbde6268181c808465ce2f3044c5cf5970aefb464f68bd	DOWN	no_icmp
152.67.67.190:7777	4f896dd182c7398b734469dd7f4c0bfe22667ddead25b14c70ae3d99fc90c4aa	DOWN	no_icmp
152.67.67.191:7777	46462677b6fece2e0fa329e35d807c4f5473a34d73858b20417dcc96babb74f3	DOWN	no_icmp
152.67.67.192:7777	ca4133fb85db11ee3ffb342ffed5f1d0d4c459f4ce1e68469e0c43c7a037b19d	DOWN	no_icmp
152.67.67.193:7777	0fbd97b76feb394da9fd9eae4ac197ae70b319902734eedca6d34dfa923db0e9	DOWN	no_icmp
152.67.67.194:7777	4ee9c646c60f4b6f120e72d08621a7cc8d747663b230733d243eb45e9a8bf02c	DOWN	no_icmp
152.67.67.195:7777	a549000ac4dca815ec015323085304d85d21d7e6f555b6f8a5e4790c730f361c	DOWN	no_icmp
152.67.67.196:7777	5590d925475d8fa3dffaf136cac0510944582870117ec13c69a400c96c63c533	DOWN	no_icmp
152.67.67.197:7777	8ea4bded7a8897da586ad4f9071b5572ffaec6f6edd63ed8822eb8107bdba9e5	DOWN	no_icmp
152.67.67.198:7777	768300266bd9f78dc99f57746879456fe13d91e308583d49eb4300ee133ff13c	DOWN	no_icmp
152.67.67.199:7777	2628b3d02b851d1ee5fde8b198551567ff1caae25ec4933fbcd6ec243a6fbc3d	DOWN	no_icmp
152.67.67.19:7777	38021066df48d06347d3800ee8682a079bbe3e2b2dd607013498c3bca651e38b	DOWN	host_alive
152.67.67.200:7777	ac6b68dfd28fd10b7962dfaacbbefa13732e056e09b322d4025912d39910194e	DOWN	no_icmp
152.67.67.20:7777	48fd6c42975705569f2a55001df21e66af179cd7d6a43e17ce3a1cbc7bb52760	DOWN	no_icmp
152.67.67.21:7777	59bed8ae8eafdeb0b4b7c6e269f3709b9ce972cc117e9feb292f99f032176721	DOWN	no_icmp
152.67.67.22:7777	be558571dee0c49c09eb3d97d2e031002d110ba849b2fe328cd5911bbccd3bbf	DOWN	no_icmp
152.67.67.23:7777	5177d7429493532ae3a3c3232af47c6bae28c672b1ebcb1adf2aedce129d4951	DOWN	no_icmp
152.67.67.24:7777	9f2e90a06387f776747fa74c4d2be01a427d6109f24294ae9c9f68a0ae6e1730	DOWN	no_icmp
152.67.67.25:7777	6328b7c03b40dbf47f698d32bec3539f18f490b52a4984194e94a1f1af904eca	DOWN	no_icmp
152.67.67.26:7777	bd30bbd173497209f5d08c8e4e4ca8f27b10c87213e431ad13013a0ca4f739bb	DOWN	host_alive
152.67.67.27:7777	6c0dac722a34cd4f5dd10d360a9eab76cb2294916e3de0f598b26af211e05d34	DOWN	no_icmp
152.67.67.28:7777	a8b79039d50c7fc02d01aae1e9cde3d3b7f39eccfd0f2bb437688495c1946f5b	DOWN	no_icmp
152.67.67.29:7777	f489139711a8ab78361632057fbcfcb90fc69aa9a72e31bcd6c78559cfeb762b	DOWN	no_icmp
152.67.67.30:7777	2046aa362395a56afc082dfa055449866f525eff2c6b040f404fabd270f0b87b	DOWN	no_icmp
152.67.67.31:7777	6df9cb93f2b7822b5e6df9d67445d9763a668c48a9a3bb6e4de3bcbb8b881e77	DOWN	no_icmp
152.67.67.32:7777	6d4c756e92f2140c742cb191399367f5d456f220004d53fd010337917db43fe6	DOWN	host_alive
152.67.67.33:7777	f24bd646421e32dac0fc3e8335add70169c53f13f7d8231d7384345b71fb6c19	DOWN	host_alive
152.67.67.34:7777	d5b19e91a1fd3f2f80fbd8e13114ae440984ab00c8817f5c2df169a98ddce15d	DOWN	no_icmp
152.67.67.35:7777	16cef19066f9dac6f1c99f7a9d58bc06a18f47d09be27eb81653698cd8341fe7	DOWN	no_icmp
152.67.67.36:7777	7ac209f06bee9ed8869387decdd63ca6b3f890d427bdfc4c41bdd4d308425e94	DOWN	host_alive
152.67.67.37:7777	fcf50d4a413f10a9c700fcac2d17ae964e176f6004650da3bf37d2bd2fd642af	DOWN	no_icmp
152.67.67.38:7777	635a67c76668a17fda46d355a1a6baeac6f29bca90cd8945ea811feb2497c630	DOWN	no_icmp
152.67.67.39:7777	28630320abab2ddd059c3bc2db9c46e5d9579a6b2697e4a0e22d0ecb8b516d1c	DOWN	no_icmp
152.67.67.40:7777	8e9e39808e1ae5cbff7050b7badc7567ef53777c29c35a60cf1b6dfe85691456	DOWN	no_icmp
152.67.67.41:7777	97fe2263fb49066e9b5036e439ff0443f5829978760a4db76890a28b1bc91dfd	DOWN	host_alive
152.67.67.42:7777	96774083cfbfd5255c4381972b156a1fe60dad651750e04d5af6b80a1188402c	DOWN	host_alive
152.67.67.43:7777	e824f0d9c124e2d62d51c403a7f627e959f09a7d379fe2a6961985e1c6455271	DOWN	no_icmp
152.67.67.44:7777	415eca25a382ebd67384c06463c88fd77a13821ed5b4fd189af634a1423a0d49	DOWN	host_alive
152.67.67.45:7777	b37c30715879cdd1ab7f07af5fac693aebf0cd4862e7ddc9e18f60c3d93cedb5	DOWN	host_alive
152.67.67.46:7777	a611dcfb4f78cabda310a1f801ddc87b9f07acce6f0aa70acf05cad1ad08e3f3	DOWN	host_alive
152.67.67.47:7777	6575a65143baaba0497799ac70e61dce9b5416c5b75825a2c91e576a9e22932e	DOWN	no_icmp
152.67.67.48:7777	c21844a10a0324416cc4027ded4ee01e63f53cacab61b0f8a545ba92a8ac99ed	DOWN	host_alive
152.67.67.49:7777	9bb3a02e350864a39a54ed8a3865af3700be956380472b82cfda262bfc4ed677	DOWN	no_icmp
152.67.67.50:7777	a5d87c09da757b389036ae2f1d753f3740b591ec51c1347287087256c6fe7c54	DOWN	no_icmp
152.67.67.51:7777	dae2b3572fa34ca3a050e5effdfc49692eb89ecd19d636a5dd5b7029ead61924	DOWN	no_icmp
152.67.67.52:7777	efe5253d88ce43a8d47cfb6f1929674f0d9a348dd715c73f7a116d4ad1de450d	DOWN	no_icmp
152.67.67.53:7777	c907a36a646f4f3d9177ea15f8824bbba3dc5c575a92f5d3b15976017fc3202e	DOWN	no_icmp
152.67.67.54:7777	eb79033cbdc8fde16476467acb5238c718816a39b100dde10a7188fa6c3dd286	DOWN	no_icmp
152.67.67.55:7777	478e8c51820660e96def69c081fc49e6b6cd870ecbc8ccb42dcb698347dd4ee9	DOWN	no_icmp
152.67.67.56:7777	d47b57ce275c51a35e0cd39beee8a032fd728b3ea210d76eeac9bf0af41faa63	DOWN	no_icmp
152.67.67.57:7777	9fbcd149f295d0cb76b0b8391954037867b134a2e3d4ade08903f9b7b79c907e	DOWN	host_alive
152.67.67.58:7777	896f52dacbdcabcde69547fa21566cdc0aa3983c2f3222bb6ad02dbe8f2f664e	DOWN	host_alive
152.67.67.59:7777	5a97cdf349c4467477ed131ecf10d2075d0d6f17617867477786609279859d23	DOWN	no_icmp
152.67.67.60:7777	7e06dbafa3e42981ef862fb94035b922beb94c00982e2f86df3c84721fec6809	DOWN	no_icmp
152.67.67.61:7777	52f73f7052ae8ccdb9ba291e1aa7e3fdc5c714cf87eefbd7d5d55c2832c51c9f	DOWN	no_icmp
152.67.67.62:7777	9f927ccf1beeea37be0558a271231a1d523c685e84ba33191b1a5895ae6207b4	DOWN	no_icmp
152.67.67.63:7777	50c6faa1ecebce7d0b649dcb27c72244bad5a880d2658a336515b0313837e12d	DOWN	no_icmp
152.67.67.64:7777	cb3195bb04fede53407c39594a3da0d94cec06cedde19f3902cfef9c783ba1ff	DOWN	no_icmp
152.67.67.65:7777	03f2cf31c2e3faefb9a7c8c8a7457b9dab99650855e2261726d5aae9e7e9b097	DOWN	no_icmp
152.67.67.66:7777	bb663c1852d526f55a505bd1c637b60a30b4207dfb77bfc6f607dd4fda823b88	DOWN	no_icmp
152.67.67.67:7777	daf3d26c4ce786a434847ccf293550ac30166ed4b44eaa4633c820e57b1b0416	DOWN	no_icmp
152.67.67.68:7777	eb0c044df397636464b11d0b11937de6ec1058314b36672ef723f11cd50d898a	DOWN	no_icmp
152.67.67.69:7777	9bbfb5772ff2b3578509bb747c07d65baf5dfb457a448176f6522f7826e88580	DOWN	host_alive
152.67.67.70:7777	c213a5f1b294e7268f5b548536ed8aae0eeca195ba087acab5833f3e8af83974	DOWN	no_icmp
152.67.67.71:7777	51d2ebabef2e60a8f671375ba0e4ba3bdd2b4e04d383c4f14973cbb1adda252e	DOWN	no_icmp
152.67.67.72:7777	99f76bac6a1d9be89b5d526f7926a5d350faecd39bfe5eb5eaae5df6133e98a2	DOWN	no_icmp
152.67.67.73:7777	43b8d6ee353b68e2dc74ac53a40763bffcf595c46f64c92cdc1a6801bf306f50	DOWN	no_icmp
152.67.67.74:7777	7f5cf1ee924a51422b01fbb1b77b9c8884bbfebbc80b8db57378cb3ee5618885	DOWN	no_icmp
152.67.67.75:7777	f7f0ea484e8e5ed863c22d349586e45699a8090943378802b5ddda8058526638	DOWN	no_icmp
152.67.67.76:7777	ba242579e5f6ee7033e6f16b1085c8af5fd07af6f3eaacf22ad753b71c671e2b	DOWN	no_icmp
152.67.67.77:7777	4c5768584a9bb0de6d7496413a2a780a70e9c58928a95e40a75d46ff324b46a5	DOWN	no_icmp
152.67.67.78:7777	3714178ab032d5ef498a6f5d3041cf6723ffc94a8ee5e0a82c5f9a90cc31e10e	DOWN	no_icmp
152.67.67.79:7777	daa83c8fbe9e9af1d1bd306eabf9fa1483bdefdc7ab50942012db8d35e12d183	DOWN	no_icmp
152.67.67.80:7777	d7106dbb4edcee3d284fe68d4708d97915cf39dac150022388bf1e9284e458f3	DOWN	host_alive
152.67.67.81:7777	864cf24118dfe06d572c390ab6076294f6482038d5312ce561c4a6bf0ec798df	DOWN	no_icmp
152.67.67.82:7777	8c540f62ae92397164ca13e4707a8936541d116ec0ac961630b601807ad88079	DOWN	no_icmp
152.67.67.83:7777	80e63e03ad95c03e968f236ee085c85f7dd054020dc15a1adf7cb79a5760be89	DOWN	no_icmp
152.67.67.84:7777	498bda80d4fcb1e072a3f6ce7b575ef9248f75ecb129f1920cbc3d012662d1d5	DOWN	no_icmp
152.67.67.85:7777	50ee6f77b06c865967e351467498612e3ed7ba1494c3538fd091bba99a3e035d	DOWN	no_icmp
152.67.67.86:7777	a90c2cafb2b19290a05b2c1eeacdc235ea8a10f28655b9c01cd9627f142a3d89	DOWN	no_icmp
152.67.67.87:7777	625fd535a323811c0f79dddea5262d5ab9bb53046c6ef7628ee6141222dd8175	DOWN	no_icmp
152.67.67.88:7777	66bd01c1843b5c59e621aee19fddf522ff30117446ece822cd42a4ef531d17e2	DOWN	no_icmp
152.67.67.89:7777	0f41769b7ebed7cb37e5824aaa737085fa602750f09fc34d515544302db8df7b	DOWN	no_icmp
152.67.67.90:7777	ee6a253945fbbcf4c601a43c9ce93110d92672118deb5a977c14c49d31603565	DOWN	no_icmp
152.67.67.91:7777	e5c1058049c533b333fa5badb7bf2f4eccaa6883595462fd240bda30d20d6832	DOWN	host_alive
152.67.67.92:7777	791b68f96fca030a09969aa801f5cf3a4efb1ad377f4c53e78a89337d0b36e49	DOWN	no_icmp
152.67.67.93:7777	a4c65de0e8c1ae4b65c6733cec0c6fecc9c433bb5ef1cba4e286fcfc09d94339	DOWN	no_icmp
152.67.67.94:7777	c81f8695a94943a18d81443d19ab34a3718af8f3ef688017c98c4be3eea9df39	DOWN	host_alive
152.67.67.95:7777	f1f6a192a732744700bf9dc3872ca5972da461a7bd8aecca1fbb91026f924e1f	DOWN	no_icmp
152.67.67.96:7777	4ee0cc0bfceedaca8ba772b726f3d160a5e7b2bd0f2c681d67d5825cedaee30c	DOWN	no_icmp
152.67.67.97:7777	4812e13c017dcc63ba7143394174e7451ab63b31f257ac9f3cc67aa5617585da	DOWN	no_icmp
152.67.67.98:7777	ffdfbcd632c3b8e858ed9d5fdba4bc2088084905d7bea6e6651a85b9d997569e	DOWN	no_icmp
152.67.67.99:7777	ca92329f84923e9c91c2de3cd3e50a26dc5ecb5dc58d2bd3f053e6b578198e94	DOWN	no_icmp
159.196.219.68:7777	1023ecea3e845ece55b005c17229947962b91f89647a02318c59d0bcc22a0916	DOWN	host_alive
165.232.88.191:7777	40b94782704c639dd519f5c47652d3c9535164e65bc066b8d5a87cf9417bdafc	DOWN	host_alive
167.86.91.191:7777	bcc76445f94b3dd9f3ec0bdbccbdc3f62b5efa3334e1d5a583d75ae8b3f9d8f0	UP	n/a
173.212.254.163:7777	24897ef4cb71442c8e01e520ce10560f8178db833cc338cd8f62ce4e972429a4	UP	n/a
176.222.52.79:7777	93d5fdd8dc1e49bc9bbceb37f443f1e36aae9067ba77f259df7f4a93c3e48b12	DOWN	host_alive
176.222.52.80:7777	28ecd516b3d4f16cd2d53b5425b94e301c26905e2b723a24fc6353deb9bf9a8c	DOWN	host_alive
176.222.52.81:7777	625c6b8b04faf2d0c97c25374d23bf72ffaff1e1552cf667a9453b464ddc5eca	DOWN	host_alive
176.222.52.82:7777	2494178cdd2d0fca81521e37381cff01eb702af5bddf3c49b37fdc2e77d11bd0	DOWN	host_alive
176.222.52.83:7777	bfb19693679845b3c0018ce02981009e987d242a86f66f35139a05b514087b03	DOWN	no_icmp
176.222.52.84:7777	daafa21fd1e563995a6ba88a560938a75a0eb78ed6eb491e959362b3097f75d9	DOWN	host_alive
176.222.52.85:7777	da4747769f68b997163992ee896989130a2ad1f941b566044cac3b920fd3fb5f	DOWN	host_alive
176.222.52.86:7777	0024371b3b91f5e0d6e238f5239c0ad9fcc6107786e2d786a8953fd83bb1d90a	DOWN	host_alive
176.222.52.87:7777	2d1db736564b25d465a953d3a212cbfacdec9c4d8e161218483fdf992fe1de6f	DOWN	host_alive
176.222.52.88:7777	677c1067f5e469639a1c4bd4b723952c0871a42856d0fd1c3bc2bc8ccb1c06fb	DOWN	host_alive
176.222.52.89:7777	7a614cae248076f7accd19f7e95baf5386079143cf5568db8da8c0b31c58e986	DOWN	host_alive
176.222.52.90:7777	0f0e80dea6fb7359d8a398d033df2ad4f3a82f1ea8ddf3818c24a31192b03373	DOWN	host_alive
176.222.52.91:7777	11d2297bcf693b56a9351fce167b0ce48f0457a739cafb4c25b318b36d5abd6b	DOWN	host_alive
176.222.52.92:7777	d5de76745e309d0f680204425e63ded10d5ca3bc861f72295a36867746f44514	DOWN	no_icmp
176.222.52.93:7777	b52bf0372beffdd5dc1b5f418deeaa1de03517f985500ef3eb203d60595b759c	DOWN	host_alive
176.222.52.94:7777	f3c30f101ed69cbdb758545178779c28816931f96e895d085dad48bb16f601b6	DOWN	host_alive
176.222.52.95:7777	3c19e78908ae9f8c16799d2764bd0abd4d820d4cb8353780d091b5bfbec7471e	DOWN	host_alive
176.222.52.96:7777	6b17d63dc2edd5d2d1fff3ed14af7e0fda19b5f035e93b69c127c72a2d903028	DOWN	host_alive
176.222.52.97:7777	9d93053e2d45a1173d8107210e0db0cd222dee67a61fd5187deca39d8a187559	DOWN	host_alive
176.222.52.98:7777	88cb0b3855319b9c7526bbd5c7f63b12de060594dc040f225a609b4e3e3cb3f5	DOWN	no_icmp
176.222.52.99:7777	3f6dc5c2129f1af3d3c2627aacedbfe096c2df3620fe815c89c64e2316b316de	DOWN	host_alive
176.222.53.1:7777	9d88fd73a08134cef5f3452a1fa2c595009c085f84d1ea79134ae2780cfadf7e	DOWN	host_alive
176.222.53.25:7777	d69d577d893535e49cb87871fe149c7f5c8c6e6339f2eeeda718e8fddfd10821	DOWN	no_icmp
176.222.53.26:7777	54d4e20ba5e3746ac64fc1cdd76c9c6521bf2b7c7f2f5de4444686bb6ce48750	DOWN	host_alive
176.222.53.27:7777	66fe8f3d1c65d9b110199e73361ac7a0764e1edebb5fb711175420ed10723fb9	DOWN	no_icmp
176.222.53.28:7777	da2e227e720477b85ef2f7ca60a67078cbf209b4dcc3e191555858bea8ceee88	DOWN	host_alive
176.222.53.29:7777	e5819b209396e302bfdc94e43d77f8cecd51b4ebbfc10ef1efaa57b7191469c1	DOWN	host_alive
176.222.53.2:7777	37b8dfc7492a13eb9b3e0cdd94b631930bb2d9596c99a0b65e4bf9637282b753	DOWN	host_alive
176.222.53.30:7777	bba6a23879315a806db623088e8442b2bc12202c271c1ee3bcf24cd57c3a161d	DOWN	host_alive
176.222.53.31:7777	2fcfabe57c78abc2115eb78315899fe8abf4b36806f32146c06de866bc44a96d	DOWN	host_alive
176.222.53.32:7777	8e48073734381cfc6304f96f60c2160dbc7890c617f30fdfe24d585ab969bcf7	DOWN	no_icmp
176.222.53.33:7777	2e956eda445860e51d87c748fd1841ecc6e3526e8c550b1c9354fa3e9f609d2b	DOWN	host_alive
176.222.53.34:7777	4b73106f49485e2f36a81573b0591a0adf46ab1ccb6308f1586db1e4b61b5170	DOWN	host_alive
176.222.53.3:7777	b87cb6a104444ec3303f5eb4d5b761c6b8344c22cc0b5bf2d29de4fbec99fcec	DOWN	no_icmp
176.222.61.10:7777	abe885b7106f3bf4216fc3c42887d899b867c82672188388de39bc0ea7a2e54a	DOWN	no_icmp
176.222.61.1:7777	55ede3981a6bc562c82eaccb50b4bbcdfcababd23692e339bf9ac278dae6bd75	DOWN	host_alive
176.222.61.2:7777	6446a1e46c2ade930bd978a18255bd7b4e834167911cfafcabb8b2f9410cea23	DOWN	host_alive
176.222.61.3:7777	a55d025e145ffebd9e0715c4b3fc5c31e5c545cab64d172ee779a12514386f85	DOWN	no_icmp
176.222.61.4:7777	54775d3e4541a949ce6274de3ca396823047c4104b0f5a83a497ae0594443afa	DOWN	no_icmp
176.222.61.5:7777	1ead5722790f2940e95f5b8bb3fa4b8be604c0883c3d295a24f57c44fb151f81	DOWN	no_icmp
176.222.61.7:7777	460b43cab421894f7d18ac624e377f59610347e7fb7b460fd704213d54bcd880	DOWN	no_icmp
176.222.61.8:7777	0f40cae120fc4f74423171cf3fab127da3d31b1b572060f38c3e21766c6d10c7	DOWN	no_icmp
176.222.61.9:7777	dbe7db9d7827164d34ef0b975a77646f3ddc3afdf68d6548b9cd552f5a0d0762	DOWN	no_icmp
176.231.30.1:7777	63b5fb372a6adfd4591d21d443df03f30133ff121f65772d0c8ab61a7dacc99f	DOWN	no_icmp
176.231.30.6:7777	7b865a343e4a30af9eeeb822726a8df191c0345dbb47da8fed705ee2de014505	DOWN	no_icmp
176.231.30.7:7777	a9393eb54b655c5268e5f3faa79995802923c62d73c9df13b82672c048625a88	DOWN	no_icmp
176.231.30.9:7777	319886bad76e1927f52b86abfe1bbbb4623821bcce9a469850c3ea660f3f3ec4	DOWN	no_icmp
176.231.31.10:7777	9866960e885e760f02ca98b3ea9c6c523b0c3ea2992bb0c38a579936a37f4b40	DOWN	no_icmp
176.231.31.9:7777	9470c99e47f57af2a6c38e1811e9e76b275c79ac27d9af446373454fb745f6aa	DOWN	no_icmp
176.231.44.1:7777	d4e1d9cdd5df5f1804b649841c79e682940196586c9aa632754bcc6c4da4e381	DOWN	host_alive
176.231.44.2:7777	f99f11b14850e52287ddbf420b06a0c457c52223c3203653ba09501620e9e018	DOWN	no_icmp
176.231.44.3:7777	a701c54c1e7dd7c9712e64f9f32a13c08f631fb6c920835f7420e2383df66edb	DOWN	no_icmp
176.231.44.4:7777	8b044a38611eb50c6b11794b33d48916ff9a664592ab43673d796e6acaf56837	DOWN	no_icmp
176.231.44.6:7777	ef9abd80210abae8a4899a3de9aa17933509b44d9312ddfb30ee5ad5a4c01eb4	DOWN	no_icmp
176.231.44.7:7777	a6b483b659d8f0083be3f42c675cef3655ce29aa88114f5d8226db6b9e6f9e31	DOWN	host_alive
176.231.45.10:7777	73cd61e2440dd68028a0763f488cee93aeabec50be39b9dcceff2698c9d56e4d	DOWN	no_icmp
176.231.45.5:7777	55eb3e24beda5d1705b64605d51c6133a44cb3c617eb920e7361fc315a26dbb9	DOWN	no_icmp
176.231.45.8:7777	0b357aeb69e8e37f21a6498826448c2423ab19a811355efc7c5a56c2483fdad7	DOWN	no_icmp
176.231.45.9:7777	8235f8abdabd482efb4d65f5d57b7675821aa123d5487437d98898cbda877858	DOWN	no_icmp
176.231.59.10:7777	afc2e57b1d55f07d5d93cc15c59762473298cf744bc49d429b86a9a9e36662dc	DOWN	no_icmp
176.231.59.1:7777	12111c8f9b2ba3c738bd98ab5505f2136e1db7bf50f9bc99bc3983e7069fa585	DOWN	no_icmp
176.231.59.2:7777	331d011916b31615871cb35facb57880298609af96e5974a9a7fdb235c80ec17	DOWN	no_icmp
176.231.59.3:7777	f38aa11daff31f6f64931ed698153cbf18230c7dc3b70b70653fa1ed91d12732	DOWN	no_icmp
176.231.59.4:7777	51448ad726bb52717c317b37d9acdca77764107ad757c80f07eb6b9d35dc87c8	DOWN	no_icmp
176.231.59.5:7777	fb81bd668def4d03c6d494e42747dc794c431d5ef7b03f1a68ad2fea6f7f5ff4	DOWN	no_icmp
176.231.59.6:7777	cf73a50f00fcf0fb9615087e3b154fb8962bc30b4d13800b2f294dcb8dfdcf0c	DOWN	no_icmp
176.231.59.7:7777	1908cf205bf99591e796ae6e4ee73379582bfec5c1312fa28851935fdf57e8bc	DOWN	no_icmp
176.231.59.8:7777	7a2f5aace221328bfe25b646657f45772cc1f3448744c4e47ac8cf646b6eb91f	DOWN	no_icmp
176.231.59.9:7777	62b7da69cd368e6c28f9afe9265fee7ed217bdfd00d4ab2a9112e5f8c2e02188	DOWN	no_icmp
185.105.41.254:7777	c8f621e5139c929e8d5b93b311a01fc85781849bb3e3af227b3fba826c552017	DOWN	no_icmp
185.62.81.131:7777	ee02bf91b6a9887fad8216a56a32ea72614baab43e4a6c8427300818a8dfb7b1	UP	n/a
185.62.81.132:7777	32c27c2740dd076f5466586071f205433c2c76200b65ada82ee2a82fc894e395	DOWN	host_alive
185.62.81.133:7777	60f2c8001632e5973e34d17658bc5ae1ed4bf9bd73b046ae4d889a058969b610	DOWN	host_alive
185.62.81.134:7777	62334aa29c8e38137c9a230e8d07466ba56cd1dc65de809d8a1fbc6da91d7cd1	DOWN	no_icmp
185.62.81.135:7777	050ead1d7d78bae3940c4e82061c64e247ebaea98661aa4d001703fbc6dea7ae	DOWN	no_icmp
185.62.81.136:7777	22a1fbd3f0af929d19eb16b784a920b8aab9f5c775a36dbb14628a2bfdd12507	DOWN	no_icmp
185.62.81.137:7777	2c1a392276fe33ee2969b236c1e22f0948254c4b6dd8f2f4678bd21a97d3b66c	DOWN	no_icmp
185.62.81.138:7777	a257326ed93c53aa7a69c64317c01e99589a45f2fe2498c6cc0fe649e338baf4	DOWN	no_icmp
185.62.81.139:7777	b4873fb0ebd39a12386c35228630fbf7adbc24da435a271d7258730e0dbb4759	DOWN	no_icmp
185.62.81.140:7777	384ef6296738758d46279f4685ab185ef57d4a0ef1ff32913a6ac54f1a669d90	DOWN	no_icmp
185.62.81.141:7777	755afb7a1bd189e636c94a17fcac18f350536d70a7b03a9cdf1271a7b46cd9ab	DOWN	no_icmp
185.62.81.142:7777	c3d5e6fd88985b377733fa6a38fba04dadf56978808bed2a839de828e0dbb6d9	DOWN	no_icmp
185.62.81.143:7777	43761a7f0043145af0bcc4ae2e1262fded9c17eb7ce2979cddf09cd9e7cad810	DOWN	no_icmp
207.180.202.182:7777	52de5fb0f79c0316883faac0aac3e2d82530745b580be6902957fe173cb37fff	UP	n/a
37.60.248.165:7777	de9abaa4307d96a06b6cc46eb1a5d84af8169c46a9f65e2bbc70bb37830a6b83	DOWN	host_alive
5.61.189.239:7777	5bf360f97f8039e456c56ef7d54a01f2fb50aebe44ddbf8d8f09ffb9cba25f9e	DOWN	host_alive
77.1.1.10:7777	c5e201ec083c737934cef9bc0b7e7bf0931e4d4e7894e006594619a3c292f295	DOWN	no_icmp
77.1.1.1:7777	1e8f329330f6ee5919ca8af14997771f3c5bf83b48f639809cc46cdcd75b23d8	DOWN	no_icmp
77.1.1.2:7777	ad426d331ec53d153a09d2954eda99cbc713043b2d1ee97e44394e306c24220b	DOWN	no_icmp
77.1.1.3:7777	9ecc0449f806f785797a2c53b20b66708b305464d1edc95dc8aedb6210af99b2	DOWN	no_icmp
77.1.1.4:7777	a88f4f24013db481824fb88353d05da25b33f9207f8ff27d2d8f66354ddbeb9b	DOWN	no_icmp
77.1.1.5:7777	26d373a6bf7e9e45a2931171d6450dd10afab333df08a411551058f61f958326	DOWN	no_icmp
77.1.1.6:7777	4bd7a08ced2757afbdb9eb2705919a91552bb3c7b3aa0c0e3abf7c2312a1ef81	DOWN	no_icmp
77.1.1.7:7777	35fa21c34368a1be233e9eb4947eae92d647dfb4e0426092d6cc688a4c173193	DOWN	no_icmp
77.1.1.8:7777	3624871070c83198471acaba432d30e88a4ad3cfce9cb6ce044297695bdda641	DOWN	no_icmp
77.1.1.9:7777	e3149e01267272e625f05f269cb6094c6789ec003b628d3aab00396ac993ccab	DOWN	no_icmp
77.68.80.227:7777	a053c3a2c62b629c695dc8f376a0506a49e99a41fc98aeaf7c9639dba23154ae	DOWN	no_icmp
93.226.251.3:7777	ccc48a0acf903eb7ea4d283355e6eff69a33850f9dedad64e31526f875c394ef	DOWN	no_icmp
